{"project":["gameee",null,[[[0,false,true,true,true,true,true,true,true,false,false,false,false,true,true,true,true,false,false,1,"Sprite","",null],[2,false,true,true,true,true,true,true,true,false,false,false,false,true,true,false,true,false,false,1,"Text","",null]],[[1,1,"EightDir",""]]],[["player",0,false,[[796541382357100,1,"score",0]],1,0,null,[["Animation 1",5,false,1,0,false,935959912838351,[["images/shared-0-sheet0.webp",398,1,1,250,250,false,1,0.5,0.5,[],[],""]]]],[["8Direction",1,762728816285901,1]],false,false,164208183354463,[],null,2,null],["coin",0,false,[],0,0,null,[["Animation 1",5,false,1,0,false,817070110293938,[["images/shared-0-sheet0.webp",398,1,257,250,250,false,1,0.5,0.5,[],[],""]]]],[],false,false,557374420822540,[],null,3,null],["scoretext",2,false,[],0,0,null,null,[],false,false,623975822036518,[],null,4,null]],[],[["Layout 1",1980,720,false,false,0.5,0.5,"Event sheet 1",529867208589855,[["Layer 0",0,307553287491216,true,[94,94,94],false,1,1,1,false,false,1,0,true,[[[67,164,0,300,300,0,6.27157403564759,[1,1,1,1],0.5,0.5,0,0,[],null,null,null,["",""]],0,2,[0],[[300,1000,1000,3,3,false,true,true]],[true,"Animation 1",0,true],""],[[728,440,0,92,105,0,0,[1,1,1,1],0.5,0.5,0,0,[],null,null,null,["",""]],1,3,[],[],[true,"Animation 1",0,true],""],[[242,350,0,97,95,0,0,[1,1,1,1],0.5,0.5,0,0,[],null,null,null,["",""]],1,4,[],[],[true,"Animation 1",0,true],""],[[394,316,0,108,110,0,0,[1,1,1,1],0.5,0.5,0,0,[],null,null,null,["",""]],1,5,[],[],[true,"Animation 1",0,true],""],[[558,354,0,90,97,0,0,[1,1,1,1],0.5,0.5,0,0,[],null,null,null,["",""]],1,6,[],[],[true,"Animation 1",0,true],""],[[679,173,0,82.2781283489652,82.6848071158097,0,6.269474873762665,[1,1,1,1],0.5,0.5,0,0,[],null,null,null,["",""]],1,7,[],[],[true,"Animation 1",0,true],""],[[805,306,0,102,114,0,0,[1,1,1,1],0.5,0.5,0,0,[],null,null,null,["",""]],1,8,[],[],[true,"Animation 1",0,true],""],[[318,413,0,102,101,0,0,[1,1,1,1],0.5,0.5,0,0,[],null,null,null,["",""]],1,9,[],[],[true,"Animation 1",0,true],""],[[468.5,439.5,0,83,88,0,0,[1,1,1,1],0.5,0.5,0,0,[],null,null,null,["",""]],1,10,[],[],[true,"Animation 1",0,true],""],[[349,38,0,200,30,0,0,[1,1,1,1],0,0,0,0,[],null,null,null,["",""]],2,11,[],[],["score:0",true,"Arial",22,0,false,false,[0,0,0],0,0,0,0,-1,true,0,false],""],[[700,335,0,108,110,0,0,[1,1,1,1],0.5,0.5,0,0,[],null,null,null,["",""]],1,12,[],[],[true,"Animation 1",0,true],""],[[499,259,0,108,110,0,0,[1,1,1,1],0.5,0.5,0,0,[],null,null,null,["",""]],1,13,[],[],[true,"Animation 1",0,true],""]],[],0,true,false,false,[]]],[],[]]],[["Event sheet 1",[[0,0,false,null,881519126926355,1,[[0,3,null,0,false,false,true,339273225184358,null,[[4,1]]]],[[1,4,null,635255547317394,0,null],[0,5,null,884423532594772,0,null,[[10,0],[7,[0,[2,0,false,0]]]]],[2,6,null,803904937680136,0,null,[[7,[1,[2,0,false,0]]]]]]]]]],[],"media/",false,854,480,4,true,"trilinear",false,"1.0.0.0",false,false,4,2,14,false,true,1,true,0.7853981633974483,[],"icons/",[],"regular","qygi70oui1b","fonts/",[["Timeline 1",5,0.1,"default","default",[],0,0,1,"",1,1]],"high-performance",[],1770640488771,"vsync","","icons/loading-logo.png",false,4,false,null,[],[{"name":"icons/icon-128.png","size":22267},{"name":"icons/icon-16.png","size":16505},{"name":"icons/icon-256.png","size":28930},{"name":"icons/icon-32.png","size":17541},{"name":"icons/icon-512.png","size":30345},{"name":"icons/icon-64.png","size":19120},{"name":"icons/loading-logo.png","size":19120}],1,10000,false,[["Flowchart 1",[]]],"auto",46602]}